{
    "Date":{
        "0":1622678400000,
        "1":1622764800000,
        "2":1623024000000,
        "3":1622678400000,
        "4":1622764800000,
        "5":1623024000000,
        "6":1622678400000,
        "7":1622764800000,
        "8":1623024000000,
        "9":1622678400000,
        "10":1622764800000,
        "11":1623024000000,
        "12":1622678400000,
        "13":1622764800000,
        "14":1623024000000,
        "15":1622678400000,
        "16":1622764800000,
        "17":1623024000000,
        "18":1622678400000,
        "19":1622764800000,
        "20":1623024000000,
        "21":1622678400000,
        "22":1622764800000,
        "23":1623024000000
    },
    "Attribute":{
        "0":"Open",
        "1":"Open",
        "2":"Open",
        "3":"High",
        "4":"High",
        "5":"High",
        "6":"Low",
        "7":"Low",
        "8":"Low",
        "9":"Close",
        "10":"Close",
        "11":"Close",
        "12":"Adj Close",
        "13":"Adj Close",
        "14":"Adj Close",
        "15":"Volume",
        "16":"Volume",
        "17":"Volume",
        "18":"Dividends",
        "19":"Dividends",
        "20":"Dividends",
        "21":"Stock Splits",
        "22":"Stock Splits",
        "23":"Stock Splits"
    },
    "value":{
        "0":265.7099914551,
        "1":256.0199890137,
        "2":258.0,
        "3":274.4299926758,
        "4":265.0,
        "5":282.0,
        "6":242.1199951172,
        "7":245.7700042725,
        "8":255.1999969482,
        "9":258.1799926758,
        "10":248.3600006104,
        "11":280.0100097656,
        "12":258.1799926758,
        "13":248.3600006104,
        "14":280.0100097656,
        "15":8000000.0,
        "16":3626600.0,
        "17":6024100.0,
        "18":0.0,
        "19":0.0,
        "20":0.0,
        "21":0.0,
        "22":0.0,
        "23":0.0
    }
}